{
  "jointAmount": 4,
  "jointLimitHighs": [
    2.3561944961548, 1.6580627262592, 1.6580627858639, 1.5707963705063
  ],
  "robotName": "dobot",
  "jointTypes": [
    "Revolute_joint",
    "Revolute_joint",
    "Revolute_joint",
    "Revolute_joint"
  ],
  "jointLimitLows": [
    -2.3561944961548, 0.17453292012215, -0.17453292012215, -1.5707963705063
  ]
}
