{"jointLimitLows":[-6.2831854820251,-6.2831854820251,-6.2831854820251,-6.2831854820251,-6.2831854820251,-6.2831854820251],"jointAmount":6,"jointTypes":["Revolute_joint","Revolute_joint","Revolute_joint","Revolute_joint","Revolute_joint","Revolute_joint"],"jointLimitHighs":[6.2831854820251,6.2831854820251,6.2831854820251,6.2831854820251,6.2831854820251,6.2831854820251],"robotName":"UR10"}