{"jointLimitLows":[-3.1400001049042,-4.710000038147,-2.6099998950958,-4.5300002098083,-2.9300000667572,-3.0299999713898],"jointTypes":["Revolute_joint","Revolute_joint","Revolute_joint","Revolute_joint","Revolute_joint","Revolute_joint"],"jointAmount":6,"robotName":"mycobot_pro","jointLimitHighs":[3.1415903568268,1.5707998275757,2.617999792099,1.3961997032166,2.9321000576019,3.0368001461029]}