{"jointLimitHighs":[3.1415903568268,3.1415903568268,3.1415903568268,3.1415903568268,3.1415903568268,3.1415903568268],"jointLimitLows":[-3.1400001049042,-3.1400001049042,-3.1400001049042,-3.1400001049042,-3.1400001049042,-3.1400001049042],"jointTypes":["Revolute_joint","Revolute_joint","Revolute_joint","Revolute_joint","Revolute_joint","Revolute_joint"],"robotName":"mycobot280","jointAmount":6}