{"jointLimitLows":[-2.7925269603729,-1.4835300445557,-3.1400001049042,-2.7925269603729,-1.7453290224075,-3.1400001049042],"jointTypes":["Revolute_joint","Revolute_joint","Revolute_joint","Revolute_joint","Revolute_joint","Revolute_joint"],"jointAmount":6,"jointLimitHighs":[2.7925269603729,1.5707960128784,0.78539800643921,2.7925269603729,1.7453290224075,3.1400001049042],"robotName":"mecharm"}