{"robotName":"UR10","jointAmount":6,"jointTypes":["Revolute_joint","Revolute_joint","Revolute_joint","Revolute_joint","Revolute_joint","Revolute_joint"],"jointLimitLows":[-6.2831854820251,-6.2831854820251,-6.2831854820251,-6.2831854820251,-6.2831854820251,-6.2831854820251],"jointLimitHighs":[6.2831854820251,6.2831854820251,6.2831854820251,6.2831854820251,6.2831854820251,6.2831854820251]}