{"robotName":"UR3","jointAmount":6,"jointTypes":["Revolute_joint","Revolute_joint","Revolute_joint","Revolute_joint","Revolute_joint","Revolute_joint"],"jointLimitHighs":[6.2831854820251,6.2831854820251,6.2831854820251,6.2831854820251,6.2831854820251,6.2831853071796],"jointLimitLows":[-6.2831854820251,-6.2831854820251,-6.2831854820251,-6.2831854820251,-6.2831854820251,-3.1415926535898]}