{
  "jointAmount": 4,
  "jointLimitHighs": [
    3.3161256015301, 2.3561944961548, 1.7453292608261, 3.1415927410126
  ],
  "jointTypes": [
    "Revolute_joint",
    "Revolute_joint",
    "Revolute_joint",
    "Revolute_joint"
  ],
  "robotName": "uarm",
  "jointLimitLows": [-0.17453292012215, 0, 0, 0]
}
