{"jointLimitLows":[-6.2831854820251,-6.2831854820251,-6.2831854820251,-6.2831854820251,-6.2831854820251,-6.2831854820251],"jointTypes":["Revolute_joint","Revolute_joint","Revolute_joint","Revolute_joint","Revolute_joint","Revolute_joint"],"jointAmount":6,"jointLimitHighs":[6.2831854820251,6.2831854820251,6.2831854820251,6.2831854820251,6.2831854820251,6.2831854820251],"robotName":"UR10"}