{"robotName":"mypal_robot","jointAmount":5,"jointLimitLows":[-2.8239998817444,-0.014000000432134,-0.21299999952316,0,-3.1400001049042],"jointLimitHighs":[5.6479997634888,1.5040000677109,1.319000005722,1.570796251297,6.2800002098083],"jointTypes":["Revolute_joint","Revolute_joint","Revolute_joint","Revolute_joint","Revolute_joint"]}