{"jointLimitHighs":[3.1400001049042,3.1400001049042,2.8599998950958,3.1400001049042,3.1400001049042,6.2800002098083],"jointTypes":["Revolute_joint","Revolute_joint","Revolute_joint","Revolute_joint","Revolute_joint","Revolute_joint"],"robotName":"CR3","jointAmount":6,"jointLimitLows":[-3.1400001049042,-3.1400001049042,-2.8599998950958,-3.1400001049042,-3.1400001049042,-6.2800002098083]}